Proveedor o contratista,Importe del contrato
Jose Safar Boueri,184.9599
Human Corporis Sa De Cv,211.201986
Tecnologias Eos Medical Sa De Cv,278.02000766
Consorcio Hermes Sa De Cv,297.67151982
Instrumentacion Medica Sa De Cv,298.43692055
Dewimed Sa,351.385023667
Telecomunicacion Y Equipos Sa De Cv,575.16629
Ge Sistemas Medicos De Mexico Sa De Cv,618.4153442999999
Electronica Y Medicina Sa,1167.767557482
Savare Medika Sa De Cv,1643.4250578200001
